Orthogroups	Group	number_genotypes
42255	All	1
64156	All	1
132957	All	1
38885	All	1
85690	All	1
132957	All	1
42007	All	1
56243	All	1
61650	All	1
42007	All	1
64156	All	1
57799	All	1
53661	All	1
65286	All	1
64557	All	1
51178	All	1
54530	All	1
51178	All	1
132957	All	1
65286	All	1
93818	All	2
217407	All	2
114615	All	2
80339	All	2
94713	All	2
79745	All	2
85979	All	2
76470	All	2
175277	All	2
172337	All	2
71694	All	2
75571	All	2
118369	All	2
114397	All	2
83773	All	2
106042	All	2
192688	All	2
208840	All	2
203566	All	2
79375	All	2
125648	All	3
117237	All	3
118323	All	3
105835	All	3
120299	All	3
109932	All	3
106109	All	3
98130	All	3
222577	All	3
95537	All	3
204756	All	3
222148	All	3
107193	All	3
102040	All	3
142292	All	3
133907	All	3
109694	All	3
101777	All	3
111070	All	3
126871	All	3
144911	All	4
268245	All	4
132892	All	4
240903	All	4
154390	All	4
157568	All	4
154721	All	4
124505	All	4
153930	All	4
136431	All	4
224869	All	4
266671	All	4
228900	All	4
252460	All	4
149274	All	4
240920	All	4
116523	All	4
126284	All	4
277460	All	4
125542	All	4
246956	All	5
229588	All	5
249202	All	5
173398	All	5
147675	All	5
229588	All	5
138250	All	5
234159	All	5
229565	All	5
280166	All	5
147432	All	5
266623	All	5
273751	All	5
234572	All	5
264555	All	5
262057	All	5
133778	All	5
150095	All	5
181840	All	5
144245	All	5
266327	All	6
269241	All	6
266912	All	6
174579	All	6
163686	All	6
278492	All	6
298021	All	6
266394	All	6
296741	All	6
279918	All	6
304006	All	6
274461	All	6
180901	All	6
261337	All	6
266258	All	6
285200	All	6
261008	All	6
275328	All	6
268550	All	6
275328	All	6
280834	All	7
280758	All	7
186512	All	7
159473	All	7
187519	All	7
277109	All	7
149480	All	7
260861	All	7
271638	All	7
307111	All	7
259827	All	7
190106	All	7
238964	All	7
277202	All	7
316100	All	7
179445	All	7
287215	All	7
259729	All	7
305704	All	7
261964	All	7
307784	All	8
295822	All	8
310164	All	8
290072	All	8
268622	All	8
295700	All	8
286931	All	8
273692	All	8
315014	All	8
282531	All	8
262004	All	8
293799	All	8
311555	All	8
284514	All	8
285611	All	8
297430	All	8
276896	All	8
313637	All	8
293360	All	8
319876	All	8
335791	All	9
304095	All	9
226112	All	9
335795	All	9
328274	All	9
289358	All	9
313329	All	9
279230	All	9
290770	All	9
192489	All	9
326944	All	9
277659	All	9
336560	All	9
334753	All	9
305802	All	9
307513	All	9
318530	All	9
300222	All	9
209069	All	9
271188	All	9
230525	All	10
311715	All	10
288478	All	10
339234	All	10
287959	All	10
342231	All	10
331833	All	10
335344	All	10
341599	All	10
282098	All	10
331907	All	10
334406	All	10
336131	All	10
344026	All	10
313640	All	10
331898	All	10
328127	All	10
331941	All	10
306064	All	10
329583	All	10
314441	All	11
349939	All	11
329909	All	11
299530	All	11
305896	All	11
329126	All	11
311797	All	11
293373	All	11
319561	All	11
331889	All	11
340777	All	11
352787	All	11
316931	All	11
337461	All	11
351767	All	11
240972	All	11
322506	All	11
321351	All	11
334877	All	11
301569	All	11
348615	All	12
346265	All	12
347632	All	12
231087	All	12
323311	All	12
294571	All	12
328029	All	12
349725	All	12
330482	All	12
327835	All	12
325786	All	12
330618	All	12
347932	All	12
347460	All	12
227372	All	12
354438	All	12
322184	All	12
353340	All	12
353436	All	12
320372	All	12
374014	All	13
350406	All	13
345255	All	13
314578	All	13
329804	All	13
353626	All	13
328168	All	13
347005	All	13
351929	All	13
362505	All	13
352023	All	13
347541	All	13
309135	All	13
231922	All	13
352563	All	13
360041	All	13
354824	All	13
367844	All	13
360421	All	13
318985	All	13
371314	All	14
321584	All	14
368423	All	14
370305	All	14
319712	All	14
367750	All	14
358695	All	14
357249	All	14
334148	All	14
352620	All	14
345811	All	14
358799	All	14
312757	All	14
364399	All	14
350656	All	14
354451	All	14
360838	All	14
361231	All	14
349840	All	14
354982	All	14
361758	All	15
368858	All	15
375707	All	15
360230	All	15
359165	All	15
376466	All	15
352932	All	15
375597	All	15
357257	All	15
376841	All	15
359788	All	15
379231	All	15
364165	All	15
374837	All	15
360603	All	15
365017	All	15
350177	All	15
354422	All	15
341503	All	15
378768	All	15
347315	All	16
371020	All	16
367432	All	16
373010	All	16
365577	All	16
375745	All	16
374172	All	16
356083	All	16
368806	All	16
373251	All	16
369566	All	16
374357	All	16
377302	All	16
376597	All	16
341773	All	16
375038	All	16
373669	All	16
370293	All	16
365568	All	16
370301	All	16
359930	All	17
355729	All	17
383608	All	17
381220	All	17
364411	All	17
376639	All	17
368372	All	17
382340	All	17
381147	All	17
378780	All	17
361684	All	17
383081	All	17
376396	All	17
382493	All	17
371798	All	17
373281	All	17
356536	All	17
384449	All	17
374497	All	17
362444	All	17
385283	All	18
383873	All	18
386000	All	18
370029	All	18
387134	All	18
366707	All	18
378600	All	18
385065	All	18
382918	All	18
386000	All	18
382389	All	18
381247	All	18
379435	All	18
382394	All	18
387383	All	18
382169	All	18
368069	All	18
381240	All	18
375521	All	18
385325	All	18
386386	All	19
387660	All	19
387945	All	19
387364	All	19
388963	All	19
379441	All	19
388914	All	19
387364	All	19
388344	All	19
371212	All	19
387945	All	19
385315	All	19
387660	All	19
379441	All	19
388344	All	19
387055	All	19
387660	All	19
386065	All	19
386386	All	19
388963	All	19
42255	Hardcore	1
64156	Hardcore	1
132957	Hardcore	1
38885	Hardcore	1
85690	Hardcore	1
132957	Hardcore	1
42007	Hardcore	1
56243	Hardcore	1
61650	Hardcore	1
42007	Hardcore	1
64156	Hardcore	1
57799	Hardcore	1
53661	Hardcore	1
65286	Hardcore	1
64557	Hardcore	1
51178	Hardcore	1
54530	Hardcore	1
51178	Hardcore	1
132957	Hardcore	1
65286	Hardcore	1
28538	Hardcore	2
35002	Hardcore	2
25513	Hardcore	2
30118	Hardcore	2
955	Hardcore	2
27796	Hardcore	2
30109	Hardcore	2
25377	Hardcore	2
8858	Hardcore	2
4668	Hardcore	2
24751	Hardcore	2
17844	Hardcore	2
1701	Hardcore	2
25823	Hardcore	2
25204	Hardcore	2
7175	Hardcore	2
93082	Hardcore	2
9259	Hardcore	2
26482	Hardcore	2
21160	Hardcore	2
19734	Hardcore	3
22562	Hardcore	3
22552	Hardcore	3
19828	Hardcore	3
17984	Hardcore	3
16593	Hardcore	3
19201	Hardcore	3
19791	Hardcore	3
3608	Hardcore	3
20472	Hardcore	3
4778	Hardcore	3
1818	Hardcore	3
18274	Hardcore	3
17493	Hardcore	3
717	Hardcore	3
1317	Hardcore	3
16444	Hardcore	3
23238	Hardcore	3
20646	Hardcore	3
14896	Hardcore	3
239	Hardcore	4
3087	Hardcore	4
14287	Hardcore	4
17429	Hardcore	4
193	Hardcore	4
628	Hardcore	4
19719	Hardcore	4
16637	Hardcore	4
201	Hardcore	4
18297	Hardcore	4
2653	Hardcore	4
930	Hardcore	4
1910	Hardcore	4
1867	Hardcore	4
14083	Hardcore	4
1450	Hardcore	4
17118	Hardcore	4
16755	Hardcore	4
1455	Hardcore	4
13670	Hardcore	4
331	Hardcore	5
2009	Hardcore	5
298	Hardcore	5
176	Hardcore	5
16617	Hardcore	5
2009	Hardcore	5
14594	Hardcore	5
1788	Hardcore	5
1753	Hardcore	5
2884	Hardcore	5
16996	Hardcore	5
1083	Hardcore	5
2747	Hardcore	5
2339	Hardcore	5
16512	Hardcore	5
226	Hardcore	5
15912	Hardcore	5
14306	Hardcore	5
173	Hardcore	5
16142	Hardcore	5
16228	Hardcore	6
523	Hardcore	6
141	Hardcore	6
12668	Hardcore	6
12813	Hardcore	6
220	Hardcore	6
516	Hardcore	6
193	Hardcore	6
147	Hardcore	6
192	Hardcore	6
474	Hardcore	6
2392	Hardcore	6
11866	Hardcore	6
183	Hardcore	6
12370	Hardcore	6
156	Hardcore	6
2288	Hardcore	6
571	Hardcore	6
656	Hardcore	6
564	Hardcore	6
13915	Hardcore	7
526	Hardcore	7
127	Hardcore	7
13772	Hardcore	7
168	Hardcore	7
10750	Hardcore	7
11733	Hardcore	7
1927	Hardcore	7
567	Hardcore	7
86	Hardcore	7
155	Hardcore	7
14509	Hardcore	7
2251	Hardcore	7
11836	Hardcore	7
587	Hardcore	7
11490	Hardcore	7
1060	Hardcore	7
337	Hardcore	7
446	Hardcore	7
1297	Hardcore	7
1877	Hardcore	8
87	Hardcore	8
312	Hardcore	8
541	Hardcore	8
1948	Hardcore	8
149	Hardcore	8
10002	Hardcore	8
67	Hardcore	8
1672	Hardcore	8
600	Hardcore	8
1617	Hardcore	8
115	Hardcore	8
485	Hardcore	8
10136	Hardcore	8
12685	Hardcore	8
131	Hardcore	8
1393	Hardcore	8
138	Hardcore	8
612	Hardcore	8
152	Hardcore	8
418	Hardcore	9
102	Hardcore	9
103	Hardcore	9
453	Hardcore	9
107	Hardcore	9
1272	Hardcore	9
1726	Hardcore	9
1247	Hardcore	9
79	Hardcore	9
10221	Hardcore	9
1784	Hardcore	9
1272	Hardcore	9
103	Hardcore	9
357	Hardcore	9
82	Hardcore	9
628	Hardcore	9
71	Hardcore	9
10321	Hardcore	9
139	Hardcore	9
1746	Hardcore	9
79	Hardcore	10
84	Hardcore	10
89	Hardcore	10
97	Hardcore	10
57	Hardcore	10
559	Hardcore	10
605	Hardcore	10
554	Hardcore	10
123	Hardcore	10
1236	Hardcore	10
524	Hardcore	10
71	Hardcore	10
101	Hardcore	10
58	Hardcore	10
112	Hardcore	10
593	Hardcore	10
81	Hardcore	10
86	Hardcore	10
76	Hardcore	10
258	Hardcore	10
62	Hardcore	11
251	Hardcore	11
363	Hardcore	11
494	Hardcore	11
607	Hardcore	11
95	Hardcore	11
65	Hardcore	11
1545	Hardcore	11
57	Hardcore	11
390	Hardcore	11
55	Hardcore	11
126	Hardcore	11
101	Hardcore	11
603	Hardcore	11
99	Hardcore	11
79	Hardcore	11
66	Hardcore	11
88	Hardcore	11
1274	Hardcore	11
72	Hardcore	11
478	Hardcore	12
62	Hardcore	12
335	Hardcore	12
55	Hardcore	12
82	Hardcore	12
1220	Hardcore	12
64	Hardcore	12
54	Hardcore	12
58	Hardcore	12
83	Hardcore	12
75	Hardcore	12
352	Hardcore	12
224	Hardcore	12
76	Hardcore	12
9209	Hardcore	12
321	Hardcore	12
122	Hardcore	12
70	Hardcore	12
77	Hardcore	12
91	Hardcore	12
49	Hardcore	13
453	Hardcore	13
55	Hardcore	13
52	Hardcore	13
62	Hardcore	13
416	Hardcore	13
60	Hardcore	13
58	Hardcore	13
216	Hardcore	13
50	Hardcore	13
59	Hardcore	13
214	Hardcore	13
71	Hardcore	13
9546	Hardcore	13
58	Hardcore	13
64	Hardcore	13
67	Hardcore	13
54	Hardcore	13
47	Hardcore	13
431	Hardcore	13
61	Hardcore	14
47	Hardcore	14
57	Hardcore	14
53	Hardcore	14
52	Hardcore	14
64	Hardcore	14
40	Hardcore	14
296	Hardcore	14
65	Hardcore	14
53	Hardcore	14
1126	Hardcore	14
52	Hardcore	14
1106	Hardcore	14
54	Hardcore	14
67	Hardcore	14
35	Hardcore	14
224	Hardcore	14
37	Hardcore	14
51	Hardcore	14
47	Hardcore	14
44	Hardcore	15
237	Hardcore	15
46	Hardcore	15
35	Hardcore	15
37	Hardcore	15
45	Hardcore	15
1156	Hardcore	15
219	Hardcore	15
369	Hardcore	15
44	Hardcore	15
47	Hardcore	15
44	Hardcore	15
51	Hardcore	15
41	Hardcore	15
40	Hardcore	15
34	Hardcore	15
50	Hardcore	15
56	Hardcore	15
45	Hardcore	15
38	Hardcore	15
43	Hardcore	16
41	Hardcore	16
41	Hardcore	16
40	Hardcore	16
40	Hardcore	16
55	Hardcore	16
38	Hardcore	16
238	Hardcore	16
35	Hardcore	16
53	Hardcore	16
44	Hardcore	16
36	Hardcore	16
53	Hardcore	16
37	Hardcore	16
63	Hardcore	16
39	Hardcore	16
44	Hardcore	16
252	Hardcore	16
33	Hardcore	16
192	Hardcore	16
41	Hardcore	17
1275	Hardcore	17
44	Hardcore	17
34	Hardcore	17
35	Hardcore	17
44	Hardcore	17
43	Hardcore	17
40	Hardcore	17
39	Hardcore	17
39	Hardcore	17
41	Hardcore	17
33	Hardcore	17
39	Hardcore	17
40	Hardcore	17
36	Hardcore	17
196	Hardcore	17
1044	Hardcore	17
32	Hardcore	17
48	Hardcore	17
203	Hardcore	17
33	Hardcore	18
39	Hardcore	18
33	Hardcore	18
38	Hardcore	18
34	Hardcore	18
38	Hardcore	18
34	Hardcore	18
31	Hardcore	18
39	Hardcore	18
33	Hardcore	18
191	Hardcore	18
34	Hardcore	18
46	Hardcore	18
32	Hardcore	18
37	Hardcore	18
35	Hardcore	18
33	Hardcore	18
44	Hardcore	18
45	Hardcore	18
37	Hardcore	18
30	Hardcore	19
31	Hardcore	19
31	Hardcore	19
30	Hardcore	19
35	Hardcore	19
34	Hardcore	19
31	Hardcore	19
30	Hardcore	19
36	Hardcore	19
36	Hardcore	19
31	Hardcore	19
33	Hardcore	19
31	Hardcore	19
34	Hardcore	19
36	Hardcore	19
32	Hardcore	19
31	Hardcore	19
33	Hardcore	19
30	Hardcore	19
35	Hardcore	19
0	Softcore	1
0	Softcore	1
0	Softcore	1
0	Softcore	1
0	Softcore	1
0	Softcore	1
0	Softcore	1
0	Softcore	1
0	Softcore	1
0	Softcore	1
0	Softcore	1
0	Softcore	1
0	Softcore	1
0	Softcore	1
0	Softcore	1
0	Softcore	1
0	Softcore	1
0	Softcore	1
0	Softcore	1
0	Softcore	1
0	Softcore	2
0	Softcore	2
0	Softcore	2
0	Softcore	2
0	Softcore	2
0	Softcore	2
0	Softcore	2
0	Softcore	2
0	Softcore	2
0	Softcore	2
0	Softcore	2
0	Softcore	2
0	Softcore	2
0	Softcore	2
0	Softcore	2
0	Softcore	2
0	Softcore	2
0	Softcore	2
0	Softcore	2
0	Softcore	2
0	Softcore	3
0	Softcore	3
0	Softcore	3
0	Softcore	3
0	Softcore	3
0	Softcore	3
0	Softcore	3
0	Softcore	3
0	Softcore	3
0	Softcore	3
0	Softcore	3
0	Softcore	3
0	Softcore	3
0	Softcore	3
0	Softcore	3
0	Softcore	3
0	Softcore	3
0	Softcore	3
0	Softcore	3
0	Softcore	3
0	Softcore	4
0	Softcore	4
0	Softcore	4
0	Softcore	4
0	Softcore	4
0	Softcore	4
0	Softcore	4
0	Softcore	4
0	Softcore	4
0	Softcore	4
0	Softcore	4
0	Softcore	4
0	Softcore	4
0	Softcore	4
0	Softcore	4
0	Softcore	4
0	Softcore	4
0	Softcore	4
0	Softcore	4
0	Softcore	4
0	Softcore	5
0	Softcore	5
0	Softcore	5
0	Softcore	5
0	Softcore	5
0	Softcore	5
0	Softcore	5
0	Softcore	5
0	Softcore	5
0	Softcore	5
0	Softcore	5
0	Softcore	5
0	Softcore	5
0	Softcore	5
0	Softcore	5
0	Softcore	5
0	Softcore	5
0	Softcore	5
0	Softcore	5
0	Softcore	5
0	Softcore	6
0	Softcore	6
0	Softcore	6
0	Softcore	6
0	Softcore	6
0	Softcore	6
0	Softcore	6
0	Softcore	6
0	Softcore	6
0	Softcore	6
0	Softcore	6
0	Softcore	6
0	Softcore	6
0	Softcore	6
0	Softcore	6
0	Softcore	6
0	Softcore	6
0	Softcore	6
0	Softcore	6
0	Softcore	6
0	Softcore	7
0	Softcore	7
0	Softcore	7
0	Softcore	7
0	Softcore	7
0	Softcore	7
0	Softcore	7
0	Softcore	7
0	Softcore	7
0	Softcore	7
0	Softcore	7
0	Softcore	7
0	Softcore	7
0	Softcore	7
0	Softcore	7
0	Softcore	7
0	Softcore	7
0	Softcore	7
0	Softcore	7
0	Softcore	7
0	Softcore	8
0	Softcore	8
0	Softcore	8
0	Softcore	8
0	Softcore	8
0	Softcore	8
0	Softcore	8
0	Softcore	8
0	Softcore	8
0	Softcore	8
0	Softcore	8
0	Softcore	8
0	Softcore	8
0	Softcore	8
0	Softcore	8
0	Softcore	8
0	Softcore	8
0	Softcore	8
0	Softcore	8
0	Softcore	8
0	Softcore	9
0	Softcore	9
0	Softcore	9
0	Softcore	9
0	Softcore	9
0	Softcore	9
0	Softcore	9
0	Softcore	9
0	Softcore	9
0	Softcore	9
0	Softcore	9
0	Softcore	9
0	Softcore	9
0	Softcore	9
0	Softcore	9
0	Softcore	9
0	Softcore	9
0	Softcore	9
0	Softcore	9
0	Softcore	9
0	Softcore	10
0	Softcore	10
0	Softcore	10
0	Softcore	10
0	Softcore	10
0	Softcore	10
0	Softcore	10
0	Softcore	10
0	Softcore	10
0	Softcore	10
0	Softcore	10
0	Softcore	10
0	Softcore	10
0	Softcore	10
0	Softcore	10
0	Softcore	10
0	Softcore	10
0	Softcore	10
0	Softcore	10
0	Softcore	10
488	Softcore	11
1466	Softcore	11
1853	Softcore	11
10486	Softcore	11
11873	Softcore	11
10644	Softcore	11
556	Softcore	11
10672	Softcore	11
485	Softcore	11
2064	Softcore	11
295	Softcore	11
601	Softcore	11
11388	Softcore	11
11554	Softcore	11
512	Softcore	11
10959	Softcore	11
512	Softcore	11
10605	Softcore	11
9828	Softcore	11
1330	Softcore	11
10027	Softcore	12
551	Softcore	12
1803	Softcore	12
9208	Softcore	12
10118	Softcore	12
9285	Softcore	12
9596	Softcore	12
280	Softcore	12
499	Softcore	12
10585	Softcore	12
605	Softcore	12
1912	Softcore	12
1283	Softcore	12
614	Softcore	12
4408	Softcore	12
1687	Softcore	12
12002	Softcore	12
350	Softcore	12
579	Softcore	12
11591	Softcore	12
293	Softcore	13
9700	Softcore	13
256	Softcore	13
1240	Softcore	13
535	Softcore	13
9679	Softcore	13
9457	Softcore	13
1232	Softcore	13
1327	Softcore	13
460	Softcore	13
570	Softcore	13
1293	Softcore	13
1423	Softcore	13
4626	Softcore	13
1258	Softcore	13
366	Softcore	13
465	Softcore	13
292	Softcore	13
302	Softcore	13
9756	Softcore	13
326	Softcore	14
1123	Softcore	14
288	Softcore	14
316	Softcore	14
1167	Softcore	14
334	Softcore	14
246	Softcore	14
1665	Softcore	14
9468	Softcore	14
317	Softcore	14
8776	Softcore	14
445	Softcore	14
8601	Softcore	14
314	Softcore	14
1527	Softcore	14
226	Softcore	14
1393	Softcore	14
249	Softcore	14
251	Softcore	14
1146	Softcore	14
1117	Softcore	15
1322	Softcore	15
284	Softcore	15
235	Softcore	15
260	Softcore	15
287	Softcore	15
8841	Softcore	15
1266	Softcore	15
8781	Softcore	15
263	Softcore	15
1198	Softcore	15
250	Softcore	15
422	Softcore	15
257	Softcore	15
1086	Softcore	15
252	Softcore	15
303	Softcore	15
308	Softcore	15
396	Softcore	15
235	Softcore	15
412	Softcore	16
406	Softcore	16
403	Softcore	16
408	Softcore	16
226	Softcore	16
293	Softcore	16
244	Softcore	16
1430	Softcore	16
387	Softcore	16
309	Softcore	16
423	Softcore	16
408	Softcore	16
295	Softcore	16
223	Softcore	16
9339	Softcore	16
226	Softcore	16
256	Softcore	16
1480	Softcore	16
232	Softcore	16
1185	Softcore	16
1081	Softcore	17
8854	Softcore	17
235	Softcore	17
223	Softcore	17
227	Softcore	17
402	Softcore	17
1089	Softcore	17
242	Softcore	17
220	Softcore	17
233	Softcore	17
1086	Softcore	17
222	Softcore	17
405	Softcore	17
232	Softcore	17
233	Softcore	17
1229	Softcore	17
8110	Softcore	17
223	Softcore	17
287	Softcore	17
1257	Softcore	17
220	Softcore	18
241	Softcore	18
228	Softcore	18
1083	Softcore	18
227	Softcore	18
1069	Softcore	18
385	Softcore	18
214	Softcore	18
231	Softcore	18
228	Softcore	18
1156	Softcore	18
210	Softcore	18
268	Softcore	18
215	Softcore	18
231	Softcore	18
237	Softcore	18
213	Softcore	18
270	Softcore	18
256	Softcore	18
219	Softcore	18
211	Softcore	19
215	Softcore	19
210	Softcore	19
213	Softcore	19
214	Softcore	19
374	Softcore	19
215	Softcore	19
213	Softcore	19
223	Softcore	19
1051	Softcore	19
210	Softcore	19
214	Softcore	19
215	Softcore	19
374	Softcore	19
223	Softcore	19
223	Softcore	19
215	Softcore	19
231	Softcore	19
211	Softcore	19
214	Softcore	19
0	Accessory	1
0	Accessory	1
0	Accessory	1
0	Accessory	1
0	Accessory	1
0	Accessory	1
0	Accessory	1
0	Accessory	1
0	Accessory	1
0	Accessory	1
0	Accessory	1
0	Accessory	1
0	Accessory	1
0	Accessory	1
0	Accessory	1
0	Accessory	1
0	Accessory	1
0	Accessory	1
0	Accessory	1
0	Accessory	1
65280	Accessory	2
182405	Accessory	2
89102	Accessory	2
50221	Accessory	2
93758	Accessory	2
51949	Accessory	2
55870	Accessory	2
51093	Accessory	2
166419	Accessory	2
167669	Accessory	2
46943	Accessory	2
57727	Accessory	2
116668	Accessory	2
88574	Accessory	2
58569	Accessory	2
98867	Accessory	2
99606	Accessory	2
199581	Accessory	2
177084	Accessory	2
58215	Accessory	2
105914	Accessory	3
94675	Accessory	3
95771	Accessory	3
86007	Accessory	3
102315	Accessory	3
93339	Accessory	3
86908	Accessory	3
78339	Accessory	3
218969	Accessory	3
75065	Accessory	3
199978	Accessory	3
220330	Accessory	3
88919	Accessory	3
84547	Accessory	3
141575	Accessory	3
132590	Accessory	3
93250	Accessory	3
78539	Accessory	3
90424	Accessory	3
111975	Accessory	3
144672	Accessory	4
265158	Accessory	4
118605	Accessory	4
223474	Accessory	4
154197	Accessory	4
156940	Accessory	4
135002	Accessory	4
107868	Accessory	4
153729	Accessory	4
118134	Accessory	4
222216	Accessory	4
265741	Accessory	4
226990	Accessory	4
250593	Accessory	4
135191	Accessory	4
239470	Accessory	4
99405	Accessory	4
109529	Accessory	4
276005	Accessory	4
111872	Accessory	4
246625	Accessory	5
227579	Accessory	5
248904	Accessory	5
173222	Accessory	5
131058	Accessory	5
227579	Accessory	5
123656	Accessory	5
232371	Accessory	5
227812	Accessory	5
277282	Accessory	5
130436	Accessory	5
265540	Accessory	5
271004	Accessory	5
232233	Accessory	5
248043	Accessory	5
261831	Accessory	5
117866	Accessory	5
135789	Accessory	5
181667	Accessory	5
128103	Accessory	5
250099	Accessory	6
268718	Accessory	6
266771	Accessory	6
161911	Accessory	6
150873	Accessory	6
278272	Accessory	6
297505	Accessory	6
266201	Accessory	6
296594	Accessory	6
279726	Accessory	6
303532	Accessory	6
272069	Accessory	6
169035	Accessory	6
261154	Accessory	6
253888	Accessory	6
285044	Accessory	6
258720	Accessory	6
274757	Accessory	6
267894	Accessory	6
274764	Accessory	6
266919	Accessory	7
280232	Accessory	7
186385	Accessory	7
145701	Accessory	7
187351	Accessory	7
266359	Accessory	7
137747	Accessory	7
258934	Accessory	7
271071	Accessory	7
307025	Accessory	7
259672	Accessory	7
175597	Accessory	7
236713	Accessory	7
265366	Accessory	7
315513	Accessory	7
167955	Accessory	7
286155	Accessory	7
259392	Accessory	7
305258	Accessory	7
260667	Accessory	7
305907	Accessory	8
295735	Accessory	8
309852	Accessory	8
289531	Accessory	8
266674	Accessory	8
295551	Accessory	8
276929	Accessory	8
273625	Accessory	8
313342	Accessory	8
281931	Accessory	8
260387	Accessory	8
293684	Accessory	8
311070	Accessory	8
274378	Accessory	8
272926	Accessory	8
297299	Accessory	8
275503	Accessory	8
313499	Accessory	8
292748	Accessory	8
319724	Accessory	8
335373	Accessory	9
303993	Accessory	9
226009	Accessory	9
335342	Accessory	9
328167	Accessory	9
288086	Accessory	9
311603	Accessory	9
277983	Accessory	9
290691	Accessory	9
182268	Accessory	9
325160	Accessory	9
276387	Accessory	9
336457	Accessory	9
334396	Accessory	9
305720	Accessory	9
306885	Accessory	9
318459	Accessory	9
289901	Accessory	9
208930	Accessory	9
269442	Accessory	9
219879	Accessory	10
310945	Accessory	10
286631	Accessory	10
338654	Accessory	10
286508	Accessory	10
330990	Accessory	10
319656	Accessory	10
323683	Accessory	10
340795	Accessory	10
271126	Accessory	10
320747	Accessory	10
333776	Accessory	10
334217	Accessory	10
343384	Accessory	10
302419	Accessory	10
319571	Accessory	10
326400	Accessory	10
331428	Accessory	10
295746	Accessory	10
327842	Accessory	10
313891	Accessory	11
348222	Accessory	11
327693	Accessory	11
288550	Accessory	11
293416	Accessory	11
318387	Accessory	11
311176	Accessory	11
281156	Accessory	11
319019	Accessory	11
329435	Accessory	11
340427	Accessory	11
352060	Accessory	11
305442	Accessory	11
325304	Accessory	11
351156	Accessory	11
229934	Accessory	11
321928	Accessory	11
310658	Accessory	11
323775	Accessory	11
300167	Accessory	11
338110	Accessory	12
345652	Accessory	12
345494	Accessory	12
221824	Accessory	12
313111	Accessory	12
284066	Accessory	12
318369	Accessory	12
349391	Accessory	12
329925	Accessory	12
317167	Accessory	12
325106	Accessory	12
328354	Accessory	12
346425	Accessory	12
346770	Accessory	12
213755	Accessory	12
352430	Accessory	12
310060	Accessory	12
352920	Accessory	12
352780	Accessory	12
308690	Accessory	12
373672	Accessory	13
340253	Accessory	13
344944	Accessory	13
313286	Accessory	13
329207	Accessory	13
343531	Accessory	13
318651	Accessory	13
345715	Accessory	13
350386	Accessory	13
361995	Accessory	13
351394	Accessory	13
346034	Accessory	13
307641	Accessory	13
217750	Accessory	13
351247	Accessory	13
359611	Accessory	13
354292	Accessory	13
367498	Accessory	13
360072	Accessory	13
308798	Accessory	13
370927	Accessory	14
320414	Accessory	14
368078	Accessory	14
369936	Accessory	14
318493	Accessory	14
367352	Accessory	14
358409	Accessory	14
355288	Accessory	14
324615	Accessory	14
352250	Accessory	14
335909	Accessory	14
358302	Accessory	14
303050	Accessory	14
364031	Accessory	14
349062	Accessory	14
354190	Accessory	14
359221	Accessory	14
360945	Accessory	14
349538	Accessory	14
353789	Accessory	14
360597	Accessory	15
367299	Accessory	15
375377	Accessory	15
359960	Accessory	15
358868	Accessory	15
376134	Accessory	15
342935	Accessory	15
374112	Accessory	15
348107	Accessory	15
376534	Accessory	15
358543	Accessory	15
378937	Accessory	15
363692	Accessory	15
374539	Accessory	15
359477	Accessory	15
364731	Accessory	15
349824	Accessory	15
354058	Accessory	15
341062	Accessory	15
378495	Accessory	15
346860	Accessory	16
370573	Accessory	16
366988	Accessory	16
372562	Accessory	16
365311	Accessory	16
375397	Accessory	16
373890	Accessory	16
354415	Accessory	16
368384	Accessory	16
372889	Accessory	16
369099	Accessory	16
373913	Accessory	16
376954	Accessory	16
376337	Accessory	16
332371	Accessory	16
374773	Accessory	16
373369	Accessory	16
368561	Accessory	16
365303	Accessory	16
368924	Accessory	16
358808	Accessory	17
345600	Accessory	17
383329	Accessory	17
380963	Accessory	17
364149	Accessory	17
376193	Accessory	17
367240	Accessory	17
382058	Accessory	17
380888	Accessory	17
378508	Accessory	17
360557	Accessory	17
382826	Accessory	17
375952	Accessory	17
382221	Accessory	17
371529	Accessory	17
371856	Accessory	17
347382	Accessory	17
384194	Accessory	17
374162	Accessory	17
360984	Accessory	17
385030	Accessory	18
383593	Accessory	18
385739	Accessory	18
368908	Accessory	18
386873	Accessory	18
365600	Accessory	18
378181	Accessory	18
384820	Accessory	18
382648	Accessory	18
385739	Accessory	18
381042	Accessory	18
381003	Accessory	18
379121	Accessory	18
382147	Accessory	18
387115	Accessory	18
381897	Accessory	18
367823	Accessory	18
380926	Accessory	18
375220	Accessory	18
385069	Accessory	18
386145	Accessory	19
387414	Accessory	19
387704	Accessory	19
387121	Accessory	19
388714	Accessory	19
379033	Accessory	19
388668	Accessory	19
387121	Accessory	19
388085	Accessory	19
370125	Accessory	19
387704	Accessory	19
385068	Accessory	19
387414	Accessory	19
379033	Accessory	19
388085	Accessory	19
386800	Accessory	19
387414	Accessory	19
385801	Accessory	19
386145	Accessory	19
388714	Accessory	19
347519	Exclusive	1
325618	Exclusive	1
256817	Exclusive	1
350889	Exclusive	1
304084	Exclusive	1
256817	Exclusive	1
347767	Exclusive	1
333531	Exclusive	1
328124	Exclusive	1
347767	Exclusive	1
325618	Exclusive	1
331975	Exclusive	1
336113	Exclusive	1
324488	Exclusive	1
325217	Exclusive	1
338596	Exclusive	1
335244	Exclusive	1
338596	Exclusive	1
256817	Exclusive	1
324488	Exclusive	1
295956	Exclusive	2
172367	Exclusive	2
275159	Exclusive	2
309435	Exclusive	2
295061	Exclusive	2
310029	Exclusive	2
303795	Exclusive	2
313304	Exclusive	2
214497	Exclusive	2
217437	Exclusive	2
318080	Exclusive	2
314203	Exclusive	2
271405	Exclusive	2
275377	Exclusive	2
306001	Exclusive	2
283732	Exclusive	2
197086	Exclusive	2
180934	Exclusive	2
186208	Exclusive	2
310399	Exclusive	2
264126	Exclusive	3
272537	Exclusive	3
271451	Exclusive	3
283939	Exclusive	3
269475	Exclusive	3
279842	Exclusive	3
283665	Exclusive	3
291644	Exclusive	3
167197	Exclusive	3
294237	Exclusive	3
185018	Exclusive	3
167626	Exclusive	3
282581	Exclusive	3
287734	Exclusive	3
247482	Exclusive	3
255867	Exclusive	3
280080	Exclusive	3
287997	Exclusive	3
278704	Exclusive	3
262903	Exclusive	3
244863	Exclusive	4
121529	Exclusive	4
256882	Exclusive	4
148871	Exclusive	4
235384	Exclusive	4
232206	Exclusive	4
235053	Exclusive	4
265269	Exclusive	4
235844	Exclusive	4
253343	Exclusive	4
164905	Exclusive	4
123103	Exclusive	4
160874	Exclusive	4
137314	Exclusive	4
240500	Exclusive	4
148854	Exclusive	4
273251	Exclusive	4
263490	Exclusive	4
112314	Exclusive	4
264232	Exclusive	4
142818	Exclusive	5
160186	Exclusive	5
140572	Exclusive	5
216376	Exclusive	5
242099	Exclusive	5
160186	Exclusive	5
251524	Exclusive	5
155615	Exclusive	5
160209	Exclusive	5
109608	Exclusive	5
242342	Exclusive	5
123151	Exclusive	5
116023	Exclusive	5
155202	Exclusive	5
125219	Exclusive	5
127717	Exclusive	5
255996	Exclusive	5
239679	Exclusive	5
207934	Exclusive	5
245529	Exclusive	5
123447	Exclusive	6
120533	Exclusive	6
122862	Exclusive	6
215195	Exclusive	6
226088	Exclusive	6
111282	Exclusive	6
91753	Exclusive	6
123380	Exclusive	6
93033	Exclusive	6
109856	Exclusive	6
85768	Exclusive	6
115313	Exclusive	6
208873	Exclusive	6
128437	Exclusive	6
123516	Exclusive	6
104574	Exclusive	6
128766	Exclusive	6
114446	Exclusive	6
121224	Exclusive	6
114446	Exclusive	6
108940	Exclusive	7
109016	Exclusive	7
203262	Exclusive	7
230301	Exclusive	7
202255	Exclusive	7
112665	Exclusive	7
240294	Exclusive	7
128913	Exclusive	7
118136	Exclusive	7
82663	Exclusive	7
129947	Exclusive	7
199668	Exclusive	7
150810	Exclusive	7
112572	Exclusive	7
73674	Exclusive	7
210329	Exclusive	7
102559	Exclusive	7
130045	Exclusive	7
84070	Exclusive	7
127810	Exclusive	7
81990	Exclusive	8
93952	Exclusive	8
79610	Exclusive	8
99702	Exclusive	8
121152	Exclusive	8
94074	Exclusive	8
102843	Exclusive	8
116082	Exclusive	8
74760	Exclusive	8
107243	Exclusive	8
127770	Exclusive	8
95975	Exclusive	8
78219	Exclusive	8
105260	Exclusive	8
104163	Exclusive	8
92344	Exclusive	8
112878	Exclusive	8
76137	Exclusive	8
96414	Exclusive	8
69898	Exclusive	8
53983	Exclusive	9
85679	Exclusive	9
163662	Exclusive	9
53979	Exclusive	9
61500	Exclusive	9
100416	Exclusive	9
76445	Exclusive	9
110544	Exclusive	9
99004	Exclusive	9
197285	Exclusive	9
62830	Exclusive	9
112115	Exclusive	9
53214	Exclusive	9
55021	Exclusive	9
83972	Exclusive	9
82261	Exclusive	9
71244	Exclusive	9
89552	Exclusive	9
180705	Exclusive	9
118586	Exclusive	9
159249	Exclusive	10
78059	Exclusive	10
101296	Exclusive	10
50540	Exclusive	10
101815	Exclusive	10
47543	Exclusive	10
57941	Exclusive	10
54430	Exclusive	10
48175	Exclusive	10
107676	Exclusive	10
57867	Exclusive	10
55368	Exclusive	10
53643	Exclusive	10
45748	Exclusive	10
76134	Exclusive	10
57876	Exclusive	10
61647	Exclusive	10
57833	Exclusive	10
83710	Exclusive	10
60191	Exclusive	10
75333	Exclusive	11
39835	Exclusive	11
59865	Exclusive	11
90244	Exclusive	11
83878	Exclusive	11
60648	Exclusive	11
77977	Exclusive	11
96401	Exclusive	11
70213	Exclusive	11
57885	Exclusive	11
48997	Exclusive	11
36987	Exclusive	11
72843	Exclusive	11
52313	Exclusive	11
38007	Exclusive	11
148802	Exclusive	11
67268	Exclusive	11
68423	Exclusive	11
54897	Exclusive	11
88205	Exclusive	11
41159	Exclusive	12
43509	Exclusive	12
42142	Exclusive	12
158687	Exclusive	12
66463	Exclusive	12
95203	Exclusive	12
61745	Exclusive	12
40049	Exclusive	12
59292	Exclusive	12
61939	Exclusive	12
63988	Exclusive	12
59156	Exclusive	12
41842	Exclusive	12
42314	Exclusive	12
162402	Exclusive	12
35336	Exclusive	12
67590	Exclusive	12
36434	Exclusive	12
36338	Exclusive	12
69402	Exclusive	12
15760	Exclusive	13
39368	Exclusive	13
44519	Exclusive	13
75196	Exclusive	13
59970	Exclusive	13
36148	Exclusive	13
61606	Exclusive	13
42769	Exclusive	13
37845	Exclusive	13
27269	Exclusive	13
37751	Exclusive	13
42233	Exclusive	13
80639	Exclusive	13
157852	Exclusive	13
37211	Exclusive	13
29733	Exclusive	13
34950	Exclusive	13
21930	Exclusive	13
29353	Exclusive	13
70789	Exclusive	13
18460	Exclusive	14
68190	Exclusive	14
21351	Exclusive	14
19469	Exclusive	14
70062	Exclusive	14
22024	Exclusive	14
31079	Exclusive	14
32525	Exclusive	14
55626	Exclusive	14
37154	Exclusive	14
43963	Exclusive	14
30975	Exclusive	14
77017	Exclusive	14
25375	Exclusive	14
39118	Exclusive	14
35323	Exclusive	14
28936	Exclusive	14
28543	Exclusive	14
39934	Exclusive	14
34792	Exclusive	14
28016	Exclusive	15
20916	Exclusive	15
14067	Exclusive	15
29544	Exclusive	15
30609	Exclusive	15
13308	Exclusive	15
36842	Exclusive	15
14177	Exclusive	15
32517	Exclusive	15
12933	Exclusive	15
29986	Exclusive	15
10543	Exclusive	15
25609	Exclusive	15
14937	Exclusive	15
29171	Exclusive	15
24757	Exclusive	15
39597	Exclusive	15
35352	Exclusive	15
48271	Exclusive	15
11006	Exclusive	15
42459	Exclusive	16
18754	Exclusive	16
22342	Exclusive	16
16764	Exclusive	16
24197	Exclusive	16
14029	Exclusive	16
15602	Exclusive	16
33691	Exclusive	16
20968	Exclusive	16
16523	Exclusive	16
20208	Exclusive	16
15417	Exclusive	16
12472	Exclusive	16
13177	Exclusive	16
48001	Exclusive	16
14736	Exclusive	16
16105	Exclusive	16
19481	Exclusive	16
24206	Exclusive	16
19473	Exclusive	16
29844	Exclusive	17
34045	Exclusive	17
6166	Exclusive	17
8554	Exclusive	17
25363	Exclusive	17
13135	Exclusive	17
21402	Exclusive	17
7434	Exclusive	17
8627	Exclusive	17
10994	Exclusive	17
28090	Exclusive	17
6693	Exclusive	17
13378	Exclusive	17
7281	Exclusive	17
17976	Exclusive	17
16493	Exclusive	17
33238	Exclusive	17
5325	Exclusive	17
15277	Exclusive	17
27330	Exclusive	17
4491	Exclusive	18
5901	Exclusive	18
3774	Exclusive	18
19745	Exclusive	18
2640	Exclusive	18
23067	Exclusive	18
11174	Exclusive	18
4709	Exclusive	18
6856	Exclusive	18
3774	Exclusive	18
7385	Exclusive	18
8527	Exclusive	18
10339	Exclusive	18
7380	Exclusive	18
2391	Exclusive	18
7605	Exclusive	18
21705	Exclusive	18
8534	Exclusive	18
14253	Exclusive	18
4449	Exclusive	18
3388	Exclusive	19
2114	Exclusive	19
1829	Exclusive	19
2410	Exclusive	19
811	Exclusive	19
10333	Exclusive	19
860	Exclusive	19
2410	Exclusive	19
1430	Exclusive	19
18562	Exclusive	19
1829	Exclusive	19
4459	Exclusive	19
2114	Exclusive	19
10333	Exclusive	19
1430	Exclusive	19
2719	Exclusive	19
2114	Exclusive	19
3709	Exclusive	19
3388	Exclusive	19
811	Exclusive	19
